Invoice_ID,Client_Name,Region,Invoice_Amount,Payment_Status,Due_Date,Payment_Date,Delay_Days
INV0001,XYZ Corp,East,3840,Pending,2024-02-22,,
INV0002,Omega Inc,West,14268,Paid,2024-02-21,2024-02-27,6.0
INV0003,Omega Inc,West,7671,Pending,2024-01-20,,
INV0004,XYZ Corp,West,49865,Pending,2024-01-26,,
INV0005,ABC Pvt Ltd,South,8430,Pending,2024-01-16,,
INV0006,Omega Inc,West,31907,Paid,2024-01-03,2024-01-10,7.0
INV0007,Alpha Co,West,47395,Pending,2024-01-29,,
INV0008,Delta Ltd,South,39752,Pending,2024-02-26,,
INV0009,XYZ Corp,West,5384,Paid,2024-02-02,2024-02-02,0.0
INV0010,Delta Ltd,North,7833,Pending,2024-01-30,,
INV0011,Delta Ltd,South,15058,Paid,2024-01-18,2024-01-15,-3.0
INV0012,Delta Ltd,South,36517,Paid,2024-01-07,2024-01-16,9.0
INV0013,Omega Inc,South,34675,Pending,2024-02-05,,
INV0014,ABC Pvt Ltd,West,11641,Pending,2024-01-08,,
INV0015,Alpha Co,South,3903,Pending,2024-01-16,,
INV0016,Delta Ltd,West,17062,Pending,2024-02-29,,
INV0017,Omega Inc,West,25977,Pending,2024-01-23,,
INV0018,Delta Ltd,North,25091,Pending,2024-02-20,,
INV0019,Omega Inc,South,27584,Paid,2024-02-25,2024-03-04,8.0
INV0020,XYZ Corp,North,25096,Paid,2024-02-19,2024-02-23,4.0
INV0021,Alpha Co,East,42527,Pending,2024-02-04,,
INV0022,Alpha Co,East,40620,Pending,2024-02-09,,
INV0023,Omega Inc,South,32750,Pending,2024-02-27,,
INV0024,ABC Pvt Ltd,West,41910,Paid,2024-02-25,2024-02-23,-2.0
INV0025,Alpha Co,East,26057,Paid,2024-01-11,2024-01-15,4.0
INV0026,Alpha Co,North,26911,Paid,2024-02-27,2024-02-24,-3.0
INV0027,ABC Pvt Ltd,South,36260,Pending,2024-01-11,,
INV0028,Delta Ltd,South,34668,Paid,2024-02-27,2024-02-27,0.0
INV0029,Alpha Co,North,25244,Paid,2024-02-19,2024-02-22,3.0
INV0030,XYZ Corp,North,47514,Paid,2024-01-12,2024-01-14,2.0
INV0031,Omega Inc,South,7905,Paid,2024-01-26,2024-01-24,-2.0
INV0032,XYZ Corp,West,2681,Paid,2024-02-20,2024-02-22,2.0
INV0033,ABC Pvt Ltd,South,39817,Paid,2024-01-11,2024-01-10,-1.0
INV0034,XYZ Corp,South,41855,Pending,2024-01-12,,
INV0035,Omega Inc,East,36554,Pending,2024-01-05,,
INV0036,ABC Pvt Ltd,South,43259,Pending,2024-02-26,,
INV0037,Omega Inc,West,44065,Pending,2024-02-18,,
INV0038,Delta Ltd,West,25007,Pending,2024-01-26,,
INV0039,ABC Pvt Ltd,West,12227,Paid,2024-02-01,2024-02-01,0.0
INV0040,Alpha Co,South,34513,Paid,2024-01-27,2024-01-22,-5.0
INV0041,Omega Inc,North,22803,Pending,2024-02-14,,
INV0042,XYZ Corp,South,9565,Paid,2024-01-31,2024-02-04,4.0
INV0043,Delta Ltd,South,15413,Paid,2024-02-19,2024-02-27,8.0
INV0044,Omega Inc,East,17201,Pending,2024-02-16,,
INV0045,Alpha Co,South,22511,Paid,2024-01-03,2024-01-12,9.0
INV0046,XYZ Corp,North,34056,Pending,2024-01-07,,
INV0047,ABC Pvt Ltd,South,31900,Paid,2024-01-10,2024-01-19,9.0
INV0048,Omega Inc,North,16667,Paid,2024-02-01,2024-02-04,3.0
INV0049,ABC Pvt Ltd,North,11248,Paid,2024-02-01,2024-02-09,8.0
INV0050,Omega Inc,East,24228,Paid,2024-02-23,2024-03-03,9.0
INV0051,Omega Inc,East,32112,Pending,2024-01-16,,
INV0052,Omega Inc,North,3701,Paid,2024-02-08,2024-02-16,8.0
INV0053,Delta Ltd,East,18949,Paid,2024-01-06,2024-01-01,-5.0
INV0054,Omega Inc,East,38979,Paid,2024-02-05,2024-02-13,8.0
INV0055,XYZ Corp,East,37109,Pending,2024-01-05,,
INV0056,ABC Pvt Ltd,West,35736,Paid,2024-02-29,2024-02-29,0.0
INV0057,Omega Inc,East,45943,Pending,2024-01-06,,
INV0058,ABC Pvt Ltd,North,26135,Paid,2024-02-15,2024-02-23,8.0
INV0059,ABC Pvt Ltd,South,3627,Paid,2024-02-25,2024-02-23,-2.0
INV0060,ABC Pvt Ltd,North,34597,Paid,2024-01-28,2024-01-28,0.0
INV0061,ABC Pvt Ltd,South,2426,Paid,2024-01-25,2024-02-01,7.0
INV0062,Alpha Co,South,27960,Pending,2024-01-03,,
INV0063,Delta Ltd,West,45946,Pending,2024-01-09,,
INV0064,ABC Pvt Ltd,West,8495,Paid,2024-02-28,2024-02-27,-1.0
INV0065,XYZ Corp,East,17026,Pending,2024-01-06,,
INV0066,Omega Inc,West,29843,Paid,2024-01-13,2024-01-14,1.0
INV0067,Delta Ltd,West,37160,Paid,2024-02-20,2024-02-28,8.0
INV0068,ABC Pvt Ltd,North,19726,Paid,2024-02-11,2024-02-06,-5.0
INV0069,XYZ Corp,North,41763,Paid,2024-01-28,2024-01-31,3.0
INV0070,Alpha Co,South,40571,Paid,2024-02-25,2024-02-29,4.0
INV0071,XYZ Corp,South,38976,Pending,2024-01-15,,
INV0072,Delta Ltd,East,11609,Pending,2024-01-29,,
INV0073,Omega Inc,South,13086,Paid,2024-01-20,2024-01-15,-5.0
INV0074,Omega Inc,South,1564,Paid,2024-01-29,2024-01-31,2.0
INV0075,Omega Inc,South,25292,Paid,2024-02-26,2024-03-06,9.0
INV0076,Omega Inc,South,3341,Pending,2024-01-24,,
INV0077,Omega Inc,East,32453,Pending,2024-01-07,,
INV0078,ABC Pvt Ltd,West,35352,Pending,2024-01-12,,
INV0079,Delta Ltd,West,19643,Paid,2024-02-25,2024-03-03,7.0
INV0080,ABC Pvt Ltd,West,26068,Pending,2024-01-13,,
INV0081,Delta Ltd,East,2081,Paid,2024-02-25,2024-02-24,-1.0
INV0082,ABC Pvt Ltd,South,40084,Paid,2024-01-31,2024-02-04,4.0
INV0083,Alpha Co,North,39928,Paid,2024-02-22,2024-03-02,9.0
INV0084,Delta Ltd,East,18668,Paid,2024-01-12,2024-01-11,-1.0
INV0085,Alpha Co,South,24128,Pending,2024-01-03,,
INV0086,Alpha Co,East,30284,Paid,2024-02-05,2024-02-10,5.0
INV0087,Omega Inc,East,6415,Pending,2024-02-26,,
INV0088,Alpha Co,West,21777,Pending,2024-01-17,,
INV0089,XYZ Corp,North,38869,Paid,2024-01-03,2024-01-08,5.0
INV0090,Delta Ltd,East,32859,Paid,2024-02-26,2024-02-23,-3.0
INV0091,Delta Ltd,South,15557,Paid,2024-02-20,2024-02-16,-4.0
INV0092,XYZ Corp,North,35021,Pending,2024-01-28,,
INV0093,Omega Inc,South,8677,Paid,2024-02-17,2024-02-13,-4.0
INV0094,XYZ Corp,East,8183,Pending,2024-01-28,,
INV0095,Alpha Co,South,21436,Paid,2024-02-27,2024-02-25,-2.0
INV0096,ABC Pvt Ltd,North,6976,Paid,2024-01-24,2024-01-30,6.0
INV0097,XYZ Corp,West,33631,Pending,2024-02-20,,
INV0098,Delta Ltd,North,5466,Pending,2024-01-02,,
INV0099,Delta Ltd,East,38046,Pending,2024-02-16,,
INV0100,Omega Inc,South,41618,Paid,2024-01-31,2024-02-03,3.0
INV0101,XYZ Corp,West,41912,Pending,2024-02-08,,
INV0102,Omega Inc,South,7481,Pending,2024-02-29,,
INV0103,XYZ Corp,East,23509,Pending,2024-01-31,,
INV0104,Alpha Co,South,31481,Paid,2024-02-04,2024-02-01,-3.0
INV0105,XYZ Corp,West,34444,Paid,2024-02-24,2024-03-03,8.0
INV0106,Omega Inc,East,4607,Pending,2024-02-07,,
INV0107,Omega Inc,West,19296,Pending,2024-02-01,,
INV0108,XYZ Corp,North,14862,Paid,2024-02-19,2024-02-22,3.0
INV0109,Delta Ltd,West,12336,Paid,2024-01-22,2024-01-23,1.0
INV0110,Omega Inc,East,36093,Paid,2024-02-08,2024-02-04,-4.0
INV0111,ABC Pvt Ltd,North,45144,Paid,2024-01-14,2024-01-11,-3.0
INV0112,Alpha Co,West,28725,Pending,2024-01-22,,
INV0113,ABC Pvt Ltd,East,49911,Pending,2024-02-29,,
INV0114,Delta Ltd,South,1305,Pending,2024-02-14,,
INV0115,XYZ Corp,North,10980,Pending,2024-01-22,,
INV0116,Alpha Co,South,17007,Pending,2024-01-27,,
INV0117,ABC Pvt Ltd,South,20410,Pending,2024-02-07,,
INV0118,Omega Inc,South,7874,Paid,2024-02-28,2024-02-29,1.0
INV0119,Delta Ltd,East,1802,Pending,2024-01-18,,
INV0120,ABC Pvt Ltd,East,44120,Pending,2024-01-12,,
INV0121,XYZ Corp,West,18911,Pending,2024-02-18,,
INV0122,ABC Pvt Ltd,North,43580,Pending,2024-01-30,,
INV0123,Alpha Co,East,19341,Paid,2024-01-05,2024-01-06,1.0
INV0124,Omega Inc,East,2023,Pending,2024-01-23,,
INV0125,Alpha Co,North,16173,Pending,2024-02-01,,
INV0126,Delta Ltd,East,11181,Paid,2024-02-05,2024-02-13,8.0
INV0127,Alpha Co,North,13527,Pending,2024-01-25,,
INV0128,ABC Pvt Ltd,South,16425,Pending,2024-01-27,,
INV0129,Delta Ltd,South,6561,Pending,2024-01-05,,
INV0130,Omega Inc,South,29001,Pending,2024-01-30,,
INV0131,ABC Pvt Ltd,East,33185,Paid,2024-01-10,2024-01-05,-5.0
INV0132,Alpha Co,South,7972,Pending,2024-02-03,,
INV0133,ABC Pvt Ltd,East,42635,Paid,2024-02-01,2024-02-07,6.0
INV0134,XYZ Corp,North,29386,Paid,2024-01-11,2024-01-14,3.0
INV0135,ABC Pvt Ltd,South,26803,Paid,2024-01-03,2024-01-03,0.0
INV0136,Alpha Co,South,30159,Paid,2024-01-05,2024-01-02,-3.0
INV0137,XYZ Corp,West,38480,Paid,2024-01-25,2024-01-25,0.0
INV0138,Delta Ltd,North,32450,Pending,2024-02-19,,
INV0139,Delta Ltd,North,26806,Paid,2024-01-29,2024-01-30,1.0
INV0140,Omega Inc,West,42562,Paid,2024-02-23,2024-03-02,8.0
INV0141,Omega Inc,North,14546,Paid,2024-02-12,2024-02-15,3.0
INV0142,ABC Pvt Ltd,North,49956,Pending,2024-01-18,,
INV0143,Alpha Co,East,39147,Paid,2024-01-27,2024-01-22,-5.0
INV0144,Omega Inc,East,18177,Pending,2024-02-20,,
INV0145,ABC Pvt Ltd,North,43548,Pending,2024-01-10,,
INV0146,ABC Pvt Ltd,North,7563,Pending,2024-01-22,,
INV0147,Alpha Co,East,33311,Pending,2024-01-27,,
INV0148,XYZ Corp,West,32102,Paid,2024-01-06,2024-01-11,5.0
INV0149,Alpha Co,West,37886,Paid,2024-02-13,2024-02-20,7.0
INV0150,XYZ Corp,West,16728,Paid,2024-02-12,2024-02-15,3.0
INV0151,ABC Pvt Ltd,North,1458,Pending,2024-01-22,,
INV0152,Delta Ltd,North,10900,Paid,2024-01-27,2024-01-25,-2.0
INV0153,Omega Inc,South,43097,Paid,2024-01-19,2024-01-20,1.0
INV0154,Omega Inc,South,44932,Pending,2024-02-10,,
INV0155,Alpha Co,East,13190,Paid,2024-01-19,2024-01-15,-4.0
INV0156,ABC Pvt Ltd,North,21506,Pending,2024-01-04,,
INV0157,XYZ Corp,East,10727,Paid,2024-02-15,2024-02-16,1.0
INV0158,Alpha Co,North,37989,Paid,2024-02-26,2024-02-24,-2.0
INV0159,ABC Pvt Ltd,East,1126,Pending,2024-01-19,,
INV0160,Delta Ltd,North,8834,Pending,2024-02-01,,
INV0161,Omega Inc,South,21885,Pending,2024-02-04,,
INV0162,Alpha Co,South,18690,Pending,2024-02-13,,
INV0163,Omega Inc,South,4601,Paid,2024-01-22,2024-01-31,9.0
INV0164,XYZ Corp,North,41731,Pending,2024-01-19,,
INV0165,Alpha Co,West,39436,Pending,2024-02-14,,
INV0166,Omega Inc,West,45952,Pending,2024-02-16,,
INV0167,Alpha Co,West,11765,Paid,2024-02-04,2024-02-02,-2.0
INV0168,ABC Pvt Ltd,East,8444,Pending,2024-02-09,,
INV0169,Omega Inc,South,25704,Pending,2024-01-08,,
INV0170,XYZ Corp,South,33233,Pending,2024-02-15,,
INV0171,ABC Pvt Ltd,North,31923,Pending,2024-01-26,,
INV0172,Alpha Co,North,4090,Paid,2024-01-21,2024-01-28,7.0
INV0173,Omega Inc,West,38895,Paid,2024-02-04,2024-02-02,-2.0
INV0174,Alpha Co,East,11108,Pending,2024-01-18,,
INV0175,XYZ Corp,North,36759,Pending,2024-01-28,,
INV0176,Alpha Co,North,35308,Pending,2024-01-06,,
INV0177,Alpha Co,East,45956,Pending,2024-02-13,,
INV0178,Delta Ltd,West,44560,Pending,2024-02-02,,
INV0179,Alpha Co,East,22153,Pending,2024-02-29,,
INV0180,Delta Ltd,East,12156,Paid,2024-01-19,2024-01-26,7.0
INV0181,Alpha Co,North,22693,Paid,2024-01-23,2024-01-29,6.0
INV0182,ABC Pvt Ltd,South,39467,Pending,2024-01-10,,
INV0183,ABC Pvt Ltd,South,10564,Paid,2024-01-10,2024-01-14,4.0
INV0184,Omega Inc,West,21726,Paid,2024-02-01,2024-02-07,6.0
INV0185,Omega Inc,South,45737,Pending,2024-01-10,,
INV0186,ABC Pvt Ltd,West,43118,Paid,2024-01-23,2024-01-22,-1.0
INV0187,Delta Ltd,West,20773,Paid,2024-02-29,2024-03-02,2.0
INV0188,Omega Inc,West,34114,Pending,2024-01-21,,
INV0189,Omega Inc,South,29007,Paid,2024-02-26,2024-03-04,7.0
INV0190,Omega Inc,North,16487,Paid,2024-02-06,2024-02-09,3.0
INV0191,XYZ Corp,West,40233,Paid,2024-01-29,2024-02-03,5.0
INV0192,XYZ Corp,South,48764,Pending,2024-01-14,,
INV0193,Omega Inc,East,6507,Paid,2024-02-27,2024-03-07,9.0
INV0194,Delta Ltd,South,34540,Paid,2024-02-11,2024-02-07,-4.0
INV0195,ABC Pvt Ltd,North,21197,Paid,2024-02-05,2024-02-13,8.0
INV0196,XYZ Corp,West,14324,Paid,2024-02-16,2024-02-11,-5.0
INV0197,XYZ Corp,South,1696,Paid,2024-01-15,2024-01-14,-1.0
INV0198,Delta Ltd,West,10023,Pending,2024-01-08,,
INV0199,Delta Ltd,South,11262,Pending,2024-01-21,,
INV0200,ABC Pvt Ltd,North,40220,Pending,2024-01-06,,
INV0201,Alpha Co,East,3020,Paid,2024-02-16,2024-02-19,3.0
INV0202,ABC Pvt Ltd,West,8606,Paid,2024-02-16,2024-02-25,9.0
INV0203,Delta Ltd,South,29287,Paid,2024-01-26,2024-01-25,-1.0
INV0204,Omega Inc,East,23756,Paid,2024-01-17,2024-01-23,6.0
INV0205,Alpha Co,South,20265,Paid,2024-02-07,2024-02-10,3.0
INV0206,ABC Pvt Ltd,South,36506,Pending,2024-02-18,,
INV0207,ABC Pvt Ltd,North,38782,Pending,2024-02-18,,
INV0208,Alpha Co,North,34192,Pending,2024-02-05,,
INV0209,Alpha Co,North,24358,Pending,2024-01-12,,
INV0210,XYZ Corp,South,25892,Paid,2024-01-16,2024-01-22,6.0
INV0211,Alpha Co,West,15536,Paid,2024-01-13,2024-01-15,2.0
INV0212,ABC Pvt Ltd,West,44165,Paid,2024-02-03,2024-02-09,6.0
INV0213,Alpha Co,South,39442,Pending,2024-01-17,,
INV0214,ABC Pvt Ltd,East,43036,Paid,2024-02-03,2024-01-30,-4.0
INV0215,ABC Pvt Ltd,East,47274,Pending,2024-02-25,,
INV0216,ABC Pvt Ltd,West,17329,Paid,2024-02-02,2024-02-10,8.0
INV0217,ABC Pvt Ltd,North,34739,Paid,2024-01-21,2024-01-19,-2.0
INV0218,Omega Inc,West,12894,Paid,2024-01-19,2024-01-28,9.0
INV0219,Delta Ltd,North,25992,Pending,2024-01-19,,
INV0220,Delta Ltd,South,4203,Pending,2024-02-09,,
INV0221,Omega Inc,West,37966,Pending,2024-02-13,,
INV0222,XYZ Corp,East,5124,Pending,2024-01-27,,
INV0223,Delta Ltd,North,41036,Pending,2024-02-19,,
INV0224,XYZ Corp,North,30899,Paid,2024-02-26,2024-02-26,0.0
INV0225,Alpha Co,West,23561,Paid,2024-02-04,2024-02-11,7.0
INV0226,Alpha Co,North,3117,Paid,2024-02-27,2024-02-26,-1.0
INV0227,Omega Inc,North,37517,Pending,2024-02-19,,
INV0228,ABC Pvt Ltd,North,17082,Pending,2024-01-09,,
INV0229,ABC Pvt Ltd,South,27473,Pending,2024-01-10,,
INV0230,Alpha Co,South,17467,Pending,2024-02-17,,
INV0231,Alpha Co,North,21617,Pending,2024-01-15,,
INV0232,Alpha Co,South,38668,Pending,2024-01-23,,
INV0233,XYZ Corp,North,38039,Paid,2024-02-25,2024-02-25,0.0
INV0234,XYZ Corp,South,6066,Pending,2024-02-24,,
INV0235,XYZ Corp,East,26679,Paid,2024-02-03,2024-02-07,4.0
INV0236,Delta Ltd,South,13128,Paid,2024-02-23,2024-02-28,5.0
INV0237,XYZ Corp,South,17831,Pending,2024-02-28,,
INV0238,Alpha Co,East,4583,Paid,2024-01-31,2024-01-26,-5.0
INV0239,Omega Inc,East,47866,Paid,2024-01-03,2024-01-01,-2.0
INV0240,Delta Ltd,South,5940,Pending,2024-01-20,,
INV0241,XYZ Corp,West,1592,Paid,2024-01-14,2024-01-20,6.0
INV0242,Omega Inc,East,15688,Pending,2024-02-01,,
INV0243,Omega Inc,West,6560,Paid,2024-02-21,2024-02-21,0.0
INV0244,Delta Ltd,West,41555,Paid,2024-01-23,2024-01-27,4.0
INV0245,Alpha Co,North,34156,Paid,2024-02-17,2024-02-25,8.0
INV0246,ABC Pvt Ltd,East,12491,Pending,2024-01-19,,
INV0247,Omega Inc,West,28591,Pending,2024-02-25,,
INV0248,Alpha Co,South,30341,Paid,2024-01-08,2024-01-07,-1.0
INV0249,Alpha Co,East,48834,Pending,2024-01-24,,
INV0250,XYZ Corp,East,26764,Pending,2024-02-09,,
INV0251,XYZ Corp,East,45330,Paid,2024-02-17,2024-02-18,1.0
INV0252,ABC Pvt Ltd,East,1834,Pending,2024-01-13,,
INV0253,Alpha Co,East,10486,Paid,2024-02-15,2024-02-19,4.0
INV0254,XYZ Corp,South,38661,Paid,2024-02-10,2024-02-07,-3.0
INV0255,Alpha Co,West,9095,Paid,2024-02-01,2024-01-29,-3.0
INV0256,Alpha Co,West,8631,Pending,2024-02-12,,
INV0257,Omega Inc,South,3362,Paid,2024-01-07,2024-01-09,2.0
INV0258,Alpha Co,North,35760,Paid,2024-02-14,2024-02-13,-1.0
INV0259,XYZ Corp,East,2488,Pending,2024-02-20,,
INV0260,Omega Inc,North,17038,Pending,2024-02-03,,
INV0261,Delta Ltd,West,16675,Paid,2024-01-12,2024-01-12,0.0
INV0262,XYZ Corp,North,34768,Pending,2024-01-07,,
INV0263,Delta Ltd,South,25570,Paid,2024-01-30,2024-01-25,-5.0
INV0264,ABC Pvt Ltd,North,45570,Pending,2024-01-12,,
INV0265,Omega Inc,East,13374,Paid,2024-01-12,2024-01-21,9.0
INV0266,ABC Pvt Ltd,West,47795,Paid,2024-01-15,2024-01-13,-2.0
INV0267,ABC Pvt Ltd,South,30354,Pending,2024-02-22,,
INV0268,ABC Pvt Ltd,West,23737,Pending,2024-02-13,,
INV0269,XYZ Corp,South,1271,Paid,2024-01-09,2024-01-05,-4.0
INV0270,Alpha Co,West,39877,Paid,2024-01-25,2024-01-20,-5.0
INV0271,XYZ Corp,West,5298,Paid,2024-01-16,2024-01-22,6.0
INV0272,Omega Inc,East,16611,Paid,2024-01-18,2024-01-24,6.0
INV0273,Delta Ltd,West,24720,Pending,2024-02-12,,
INV0274,Omega Inc,East,35247,Pending,2024-02-13,,
INV0275,Omega Inc,West,48164,Pending,2024-01-21,,
INV0276,Alpha Co,South,4426,Pending,2024-02-12,,
INV0277,Alpha Co,South,6439,Paid,2024-01-23,2024-01-29,6.0
INV0278,Omega Inc,South,6861,Pending,2024-02-04,,
INV0279,ABC Pvt Ltd,South,29912,Paid,2024-01-03,2023-12-30,-4.0
INV0280,Delta Ltd,South,7077,Pending,2024-01-29,,
INV0281,Alpha Co,West,46613,Pending,2024-02-13,,
INV0282,Delta Ltd,South,45395,Paid,2024-02-03,2024-02-01,-2.0
INV0283,ABC Pvt Ltd,South,27393,Paid,2024-01-19,2024-01-20,1.0
INV0284,ABC Pvt Ltd,North,10701,Paid,2024-02-06,2024-02-12,6.0
INV0285,XYZ Corp,North,13610,Paid,2024-01-26,2024-02-03,8.0
INV0286,Omega Inc,West,21122,Paid,2024-02-23,2024-02-20,-3.0
INV0287,Delta Ltd,South,30141,Pending,2024-02-17,,
INV0288,XYZ Corp,South,8633,Paid,2024-01-29,2024-01-26,-3.0
INV0289,XYZ Corp,North,26506,Paid,2024-02-11,2024-02-06,-5.0
INV0290,Omega Inc,East,37990,Paid,2024-01-16,2024-01-23,7.0
INV0291,Alpha Co,North,7666,Pending,2024-01-28,,
INV0292,Omega Inc,East,38133,Pending,2024-01-21,,
INV0293,Omega Inc,East,40172,Paid,2024-02-07,2024-02-12,5.0
INV0294,ABC Pvt Ltd,South,26867,Paid,2024-02-27,2024-02-23,-4.0
INV0295,Alpha Co,West,25224,Paid,2024-01-10,2024-01-19,9.0
INV0296,Alpha Co,South,9465,Pending,2024-02-07,,
INV0297,Delta Ltd,East,9562,Paid,2024-02-12,2024-02-14,2.0
INV0298,ABC Pvt Ltd,North,16541,Pending,2024-02-08,,
INV0299,Alpha Co,East,12055,Pending,2024-01-16,,
INV0300,ABC Pvt Ltd,West,26250,Paid,2024-01-16,2024-01-21,5.0
INV0301,Omega Inc,North,1379,Pending,2024-02-03,,
INV0302,XYZ Corp,North,45914,Pending,2024-01-03,,
INV0303,Omega Inc,East,42841,Pending,2024-01-10,,
INV0304,XYZ Corp,North,37443,Paid,2024-01-16,2024-01-20,4.0
INV0305,Alpha Co,West,12984,Paid,2024-01-04,2024-01-08,4.0
INV0306,Delta Ltd,East,23165,Paid,2024-02-24,2024-02-21,-3.0
INV0307,XYZ Corp,South,24412,Paid,2024-01-09,2024-01-13,4.0
INV0308,Alpha Co,East,40261,Paid,2024-02-21,2024-02-27,6.0
INV0309,Alpha Co,South,22851,Pending,2024-01-12,,
INV0310,Alpha Co,East,29732,Paid,2024-01-17,2024-01-16,-1.0
INV0311,XYZ Corp,East,48392,Paid,2024-02-02,2024-01-30,-3.0
INV0312,Alpha Co,North,37207,Paid,2024-01-10,2024-01-05,-5.0
INV0313,Alpha Co,South,1640,Paid,2024-01-29,2024-02-05,7.0
INV0314,ABC Pvt Ltd,East,47489,Paid,2024-01-20,2024-01-21,1.0
INV0315,Alpha Co,East,37157,Paid,2024-01-19,2024-01-23,4.0
INV0316,XYZ Corp,West,13784,Pending,2024-02-04,,
INV0317,Delta Ltd,West,9056,Paid,2024-01-28,2024-01-25,-3.0
INV0318,Delta Ltd,South,45056,Pending,2024-02-07,,
INV0319,Omega Inc,South,43203,Paid,2024-01-07,2024-01-06,-1.0
INV0320,Alpha Co,West,23945,Pending,2024-02-24,,
INV0321,ABC Pvt Ltd,West,40182,Pending,2024-02-28,,
INV0322,XYZ Corp,North,40775,Paid,2024-01-26,2024-01-23,-3.0
INV0323,XYZ Corp,West,31964,Pending,2024-01-11,,
INV0324,Omega Inc,North,32168,Paid,2024-01-23,2024-01-27,4.0
INV0325,Alpha Co,North,49495,Pending,2024-01-09,,
INV0326,XYZ Corp,South,38170,Paid,2024-02-04,2024-02-09,5.0
INV0327,Omega Inc,South,27251,Pending,2024-01-07,,
INV0328,Omega Inc,North,32876,Pending,2024-01-23,,
INV0329,Delta Ltd,South,46225,Pending,2024-01-02,,
INV0330,XYZ Corp,South,43512,Pending,2024-01-11,,
INV0331,Alpha Co,West,26174,Paid,2024-01-03,2024-01-01,-2.0
INV0332,Alpha Co,North,10232,Pending,2024-02-17,,
INV0333,Omega Inc,South,33348,Paid,2024-01-10,2024-01-19,9.0
INV0334,XYZ Corp,South,44302,Pending,2024-01-07,,
INV0335,Delta Ltd,East,3738,Pending,2024-02-17,,
INV0336,XYZ Corp,West,14222,Paid,2024-02-19,2024-02-15,-4.0
INV0337,Alpha Co,West,33538,Paid,2024-02-11,2024-02-17,6.0
INV0338,Omega Inc,West,3552,Paid,2024-02-13,2024-02-16,3.0
INV0339,Delta Ltd,West,31821,Paid,2024-01-24,2024-01-30,6.0
INV0340,Omega Inc,West,33983,Paid,2024-01-06,2024-01-12,6.0
INV0341,Delta Ltd,West,39472,Paid,2024-02-13,2024-02-09,-4.0
INV0342,Alpha Co,East,45919,Paid,2024-02-05,2024-02-05,0.0
INV0343,ABC Pvt Ltd,East,41646,Paid,2024-01-09,2024-01-10,1.0
INV0344,Alpha Co,East,32356,Paid,2024-01-02,2024-01-03,1.0
INV0345,Omega Inc,North,27515,Paid,2024-02-03,2024-02-04,1.0
INV0346,Alpha Co,North,10864,Paid,2024-01-16,2024-01-25,9.0
INV0347,Omega Inc,South,40964,Paid,2024-02-18,2024-02-23,5.0
INV0348,ABC Pvt Ltd,West,22650,Pending,2024-01-13,,
INV0349,Omega Inc,North,18963,Pending,2024-01-18,,
INV0350,XYZ Corp,South,22035,Pending,2024-02-19,,
INV0351,Omega Inc,South,44690,Paid,2024-01-05,2023-12-31,-5.0
INV0352,Omega Inc,South,16818,Paid,2024-02-01,2024-02-02,1.0
INV0353,Alpha Co,East,3234,Pending,2024-01-24,,
INV0354,Delta Ltd,South,24505,Paid,2024-01-04,2024-01-06,2.0
INV0355,XYZ Corp,North,49860,Pending,2024-01-29,,
INV0356,Delta Ltd,North,25856,Paid,2024-02-25,2024-02-20,-5.0
INV0357,Delta Ltd,South,11939,Pending,2024-02-23,,
INV0358,Alpha Co,South,39653,Pending,2024-02-28,,
INV0359,ABC Pvt Ltd,South,44658,Paid,2024-01-14,2024-01-16,2.0
INV0360,ABC Pvt Ltd,South,34056,Pending,2024-01-13,,
INV0361,Delta Ltd,South,23469,Paid,2024-02-15,2024-02-23,8.0
INV0362,Delta Ltd,South,31895,Pending,2024-02-22,,
INV0363,Omega Inc,South,8876,Pending,2024-02-26,,
INV0364,ABC Pvt Ltd,West,33832,Pending,2024-02-12,,
INV0365,Alpha Co,North,40095,Paid,2024-02-16,2024-02-23,7.0
INV0366,Delta Ltd,West,32041,Paid,2024-01-08,2024-01-10,2.0
INV0367,Delta Ltd,West,47609,Paid,2024-02-11,2024-02-10,-1.0
INV0368,Omega Inc,West,30000,Pending,2024-01-07,,
INV0369,ABC Pvt Ltd,South,43205,Paid,2024-01-25,2024-02-02,8.0
INV0370,ABC Pvt Ltd,South,5414,Pending,2024-01-09,,
INV0371,Delta Ltd,North,44134,Paid,2024-01-12,2024-01-12,0.0
INV0372,Alpha Co,North,34788,Pending,2024-02-14,,
INV0373,XYZ Corp,North,32328,Paid,2024-01-18,2024-01-20,2.0
INV0374,Delta Ltd,North,34642,Pending,2024-01-19,,
INV0375,Omega Inc,North,14339,Pending,2024-01-11,,
INV0376,Omega Inc,South,9483,Pending,2024-01-13,,
INV0377,Alpha Co,West,24655,Pending,2024-01-14,,
INV0378,Omega Inc,East,15995,Paid,2024-02-13,2024-02-11,-2.0
INV0379,Alpha Co,East,29140,Paid,2024-01-26,2024-01-25,-1.0
INV0380,Omega Inc,East,1008,Pending,2024-01-11,,
INV0381,ABC Pvt Ltd,South,49936,Pending,2024-02-19,,
INV0382,Delta Ltd,South,39951,Paid,2024-01-10,2024-01-07,-3.0
INV0383,Delta Ltd,South,48714,Pending,2024-02-09,,
INV0384,XYZ Corp,East,32506,Paid,2024-02-24,2024-02-28,4.0
INV0385,XYZ Corp,East,3729,Paid,2024-02-27,2024-03-02,4.0
INV0386,Alpha Co,West,39243,Pending,2024-01-06,,
INV0387,Omega Inc,East,28087,Pending,2024-01-19,,
INV0388,XYZ Corp,West,7014,Pending,2024-01-23,,
INV0389,Delta Ltd,South,14581,Pending,2024-01-15,,
INV0390,Delta Ltd,South,40566,Pending,2024-01-02,,
INV0391,Omega Inc,South,9956,Paid,2024-02-05,2024-02-12,7.0
INV0392,Omega Inc,North,8933,Pending,2024-01-06,,
INV0393,XYZ Corp,West,3478,Pending,2024-01-27,,
INV0394,Alpha Co,East,23321,Pending,2024-01-31,,
INV0395,XYZ Corp,East,41547,Paid,2024-02-23,2024-03-02,8.0
INV0396,Delta Ltd,East,21441,Paid,2024-01-17,2024-01-21,4.0
INV0397,XYZ Corp,West,21447,Pending,2024-01-18,,
INV0398,ABC Pvt Ltd,East,10215,Pending,2024-02-09,,
INV0399,Omega Inc,South,29963,Paid,2024-01-18,2024-01-20,2.0
INV0400,Delta Ltd,South,1631,Pending,2024-01-07,,
INV0401,Omega Inc,East,46323,Paid,2024-01-23,2024-02-01,9.0
INV0402,ABC Pvt Ltd,East,13264,Pending,2024-01-24,,
INV0403,Omega Inc,East,35921,Paid,2024-01-15,2024-01-11,-4.0
INV0404,Alpha Co,South,9319,Paid,2024-01-16,2024-01-22,6.0
INV0405,Delta Ltd,South,6261,Pending,2024-01-10,,
INV0406,Alpha Co,West,4630,Paid,2024-01-02,2024-01-10,8.0
INV0407,ABC Pvt Ltd,East,37209,Pending,2024-01-04,,
INV0408,Alpha Co,West,12497,Pending,2024-01-02,,
INV0409,XYZ Corp,East,16345,Paid,2024-01-26,2024-01-21,-5.0
INV0410,Alpha Co,North,14014,Paid,2024-02-21,2024-02-26,5.0
INV0411,Alpha Co,North,12253,Pending,2024-02-22,,
INV0412,Omega Inc,North,13566,Paid,2024-02-10,2024-02-09,-1.0
INV0413,ABC Pvt Ltd,North,12830,Pending,2024-01-18,,
INV0414,Omega Inc,North,30136,Paid,2024-02-04,2024-02-08,4.0
INV0415,Alpha Co,North,22329,Paid,2024-02-11,2024-02-14,3.0
INV0416,Omega Inc,South,6433,Paid,2024-02-04,2024-02-01,-3.0
INV0417,XYZ Corp,South,20165,Pending,2024-02-17,,
INV0418,Alpha Co,South,8598,Pending,2024-02-02,,
INV0419,ABC Pvt Ltd,North,28223,Paid,2024-01-24,2024-01-31,7.0
INV0420,Alpha Co,West,3073,Paid,2024-02-06,2024-02-14,8.0
INV0421,Alpha Co,West,26553,Paid,2024-01-07,2024-01-12,5.0
INV0422,Alpha Co,North,21925,Paid,2024-01-03,2023-12-30,-4.0
INV0423,Alpha Co,South,38994,Paid,2024-02-03,2024-01-30,-4.0
INV0424,ABC Pvt Ltd,South,10709,Pending,2024-02-03,,
INV0425,Alpha Co,South,17500,Pending,2024-02-15,,
INV0426,Delta Ltd,North,48492,Pending,2024-01-26,,
INV0427,Omega Inc,East,19189,Paid,2024-02-03,2024-02-05,2.0
INV0428,ABC Pvt Ltd,South,47993,Paid,2024-01-27,2024-01-31,4.0
INV0429,XYZ Corp,East,20660,Paid,2024-02-27,2024-02-24,-3.0
INV0430,Omega Inc,West,16071,Paid,2024-01-21,2024-01-17,-4.0
INV0431,XYZ Corp,North,43717,Paid,2024-01-12,2024-01-19,7.0
INV0432,XYZ Corp,North,44388,Pending,2024-02-08,,
INV0433,Delta Ltd,South,39826,Pending,2024-01-18,,
INV0434,XYZ Corp,North,3467,Paid,2024-01-15,2024-01-20,5.0
INV0435,Delta Ltd,South,47638,Paid,2024-01-12,2024-01-07,-5.0
INV0436,Omega Inc,South,9573,Pending,2024-02-10,,
INV0437,Delta Ltd,East,21605,Pending,2024-02-21,,
INV0438,Alpha Co,South,32165,Paid,2024-02-23,2024-02-20,-3.0
INV0439,ABC Pvt Ltd,West,2337,Pending,2024-01-29,,
INV0440,ABC Pvt Ltd,North,14829,Paid,2024-02-21,2024-02-20,-1.0
INV0441,Alpha Co,South,26670,Pending,2024-02-12,,
INV0442,Omega Inc,East,41415,Pending,2024-01-19,,
INV0443,Alpha Co,North,18130,Paid,2024-02-23,2024-02-18,-5.0
INV0444,ABC Pvt Ltd,West,37266,Paid,2024-02-25,2024-02-24,-1.0
INV0445,ABC Pvt Ltd,West,15152,Pending,2024-02-04,,
INV0446,ABC Pvt Ltd,East,38765,Pending,2024-01-18,,
INV0447,Delta Ltd,East,42798,Paid,2024-01-08,2024-01-14,6.0
INV0448,XYZ Corp,West,8819,Paid,2024-01-07,2024-01-08,1.0
INV0449,Delta Ltd,South,36811,Pending,2024-01-30,,
INV0450,Omega Inc,South,22004,Pending,2024-01-03,,
INV0451,Alpha Co,West,27836,Pending,2024-02-06,,
INV0452,Omega Inc,North,45285,Paid,2024-01-20,2024-01-24,4.0
INV0453,Delta Ltd,East,49517,Pending,2024-01-18,,
INV0454,Delta Ltd,North,32866,Pending,2024-01-11,,
INV0455,Alpha Co,North,23047,Pending,2024-01-29,,
INV0456,Omega Inc,East,43955,Pending,2024-01-22,,
INV0457,Omega Inc,North,23611,Paid,2024-01-05,2024-01-09,4.0
INV0458,XYZ Corp,West,21277,Pending,2024-02-21,,
INV0459,XYZ Corp,West,39480,Paid,2024-01-26,2024-01-24,-2.0
INV0460,XYZ Corp,East,14734,Pending,2024-01-23,,
INV0461,Omega Inc,South,23371,Pending,2024-01-06,,
INV0462,Delta Ltd,West,49931,Pending,2024-02-16,,
INV0463,Omega Inc,East,44686,Pending,2024-02-05,,
INV0464,ABC Pvt Ltd,West,43212,Pending,2024-01-23,,
INV0465,ABC Pvt Ltd,North,11414,Pending,2024-01-07,,
INV0466,Alpha Co,West,32104,Pending,2024-01-31,,
INV0467,XYZ Corp,South,6572,Paid,2024-02-25,2024-02-24,-1.0
INV0468,Alpha Co,North,23824,Paid,2024-01-15,2024-01-19,4.0
INV0469,Alpha Co,West,48865,Paid,2024-02-21,2024-02-20,-1.0
INV0470,Omega Inc,West,4888,Paid,2024-02-02,2024-02-06,4.0
INV0471,Delta Ltd,East,45308,Paid,2024-01-17,2024-01-20,3.0
INV0472,XYZ Corp,North,8494,Paid,2024-02-06,2024-02-13,7.0
INV0473,ABC Pvt Ltd,West,48454,Pending,2024-01-09,,
INV0474,Omega Inc,North,11782,Paid,2024-02-14,2024-02-13,-1.0
INV0475,ABC Pvt Ltd,South,39013,Pending,2024-01-26,,
INV0476,XYZ Corp,West,33692,Paid,2024-01-12,2024-01-16,4.0
INV0477,ABC Pvt Ltd,West,30159,Paid,2024-01-24,2024-01-22,-2.0
INV0478,ABC Pvt Ltd,South,46287,Paid,2024-01-28,2024-02-02,5.0
INV0479,ABC Pvt Ltd,North,31435,Pending,2024-01-28,,
INV0480,ABC Pvt Ltd,West,8726,Paid,2024-01-07,2024-01-04,-3.0
INV0481,XYZ Corp,East,20204,Pending,2024-02-12,,
INV0482,ABC Pvt Ltd,South,27491,Paid,2024-02-17,2024-02-21,4.0
INV0483,Delta Ltd,North,31107,Pending,2024-01-06,,
INV0484,Alpha Co,West,44487,Paid,2024-01-30,2024-01-25,-5.0
INV0485,Delta Ltd,West,27257,Pending,2024-01-08,,
INV0486,ABC Pvt Ltd,West,19316,Pending,2024-02-17,,
INV0487,XYZ Corp,West,41636,Pending,2024-02-26,,
INV0488,ABC Pvt Ltd,South,18004,Paid,2024-01-10,2024-01-16,6.0
INV0489,Omega Inc,East,29959,Paid,2024-01-21,2024-01-21,0.0
INV0490,XYZ Corp,South,8930,Paid,2024-01-11,2024-01-17,6.0
INV0491,Omega Inc,West,36295,Pending,2024-02-10,,
INV0492,ABC Pvt Ltd,East,44233,Paid,2024-01-08,2024-01-10,2.0
INV0493,Delta Ltd,South,40127,Paid,2024-01-20,2024-01-18,-2.0
INV0494,Delta Ltd,West,25344,Pending,2024-01-16,,
INV0495,Alpha Co,East,42905,Pending,2024-01-21,,
INV0496,Delta Ltd,South,22904,Paid,2024-01-28,2024-01-28,0.0
INV0497,ABC Pvt Ltd,West,28792,Pending,2024-02-15,,
INV0498,ABC Pvt Ltd,North,18147,Paid,2024-01-07,2024-01-15,8.0
INV0499,Omega Inc,East,38625,Pending,2024-02-24,,
INV0500,Alpha Co,West,5242,Pending,2024-01-16,,
INV0501,Omega Inc,East,6296,Pending,2024-01-28,,
INV0502,XYZ Corp,South,31903,Pending,2024-01-29,,
INV0503,Alpha Co,South,25307,Paid,2024-02-17,2024-02-24,7.0
INV0504,Omega Inc,East,30708,Pending,2024-01-29,,
INV0505,Alpha Co,East,16011,Pending,2024-02-17,,
INV0506,Alpha Co,North,10493,Paid,2024-02-18,2024-02-25,7.0
INV0507,XYZ Corp,East,38038,Paid,2024-01-07,2024-01-10,3.0
INV0508,Alpha Co,South,7419,Paid,2024-01-12,2024-01-21,9.0
INV0509,XYZ Corp,East,36886,Paid,2024-02-09,2024-02-15,6.0
INV0510,Alpha Co,South,31671,Paid,2024-01-24,2024-02-02,9.0
INV0511,Delta Ltd,North,23047,Pending,2024-01-12,,
INV0512,XYZ Corp,East,20845,Paid,2024-02-19,2024-02-28,9.0
INV0513,XYZ Corp,North,47747,Pending,2024-01-28,,
INV0514,Omega Inc,South,20835,Pending,2024-02-16,,
INV0515,ABC Pvt Ltd,South,32535,Pending,2024-01-06,,
INV0516,ABC Pvt Ltd,North,17490,Paid,2024-02-27,2024-02-22,-5.0
INV0517,Omega Inc,East,32085,Paid,2024-01-21,2024-01-21,0.0
INV0518,Alpha Co,West,22233,Pending,2024-01-25,,
INV0519,XYZ Corp,North,46256,Paid,2024-02-18,2024-02-19,1.0
INV0520,Alpha Co,West,13844,Pending,2024-01-18,,
INV0521,ABC Pvt Ltd,North,21649,Paid,2024-02-22,2024-02-17,-5.0
INV0522,XYZ Corp,South,11523,Pending,2024-01-14,,
INV0523,XYZ Corp,North,11351,Paid,2024-02-02,2024-02-06,4.0
INV0524,XYZ Corp,South,45191,Paid,2024-02-08,2024-02-12,4.0
INV0525,Omega Inc,South,49712,Pending,2024-01-17,,
INV0526,Omega Inc,West,27696,Paid,2024-01-09,2024-01-08,-1.0
INV0527,Omega Inc,South,13783,Paid,2024-01-21,2024-01-26,5.0
INV0528,Delta Ltd,South,1722,Paid,2024-02-14,2024-02-14,0.0
INV0529,Delta Ltd,East,49250,Paid,2024-02-03,2024-02-12,9.0
INV0530,XYZ Corp,South,12852,Paid,2024-01-05,2023-12-31,-5.0
INV0531,Omega Inc,West,47898,Paid,2024-01-28,2024-01-26,-2.0
INV0532,Alpha Co,East,25203,Paid,2024-02-20,2024-02-28,8.0
INV0533,Alpha Co,East,24577,Pending,2024-01-14,,
INV0534,Delta Ltd,South,46710,Pending,2024-02-11,,
INV0535,Delta Ltd,South,42541,Pending,2024-01-23,,
INV0536,XYZ Corp,West,17354,Paid,2024-01-04,2024-01-05,1.0
INV0537,Alpha Co,North,3694,Paid,2024-02-27,2024-02-24,-3.0
INV0538,Alpha Co,West,15358,Paid,2024-02-05,2024-01-31,-5.0
INV0539,ABC Pvt Ltd,West,25089,Pending,2024-02-24,,
INV0540,Delta Ltd,North,25582,Paid,2024-02-03,2024-02-05,2.0
INV0541,ABC Pvt Ltd,South,39692,Pending,2024-02-28,,
INV0542,Delta Ltd,East,23985,Paid,2024-01-20,2024-01-19,-1.0
INV0543,Omega Inc,West,42902,Paid,2024-01-06,2024-01-15,9.0
INV0544,Alpha Co,North,4152,Paid,2024-02-12,2024-02-08,-4.0
INV0545,Omega Inc,South,47156,Pending,2024-01-12,,
INV0546,Omega Inc,North,26064,Paid,2024-01-27,2024-01-30,3.0
INV0547,Omega Inc,West,2996,Paid,2024-02-16,2024-02-18,2.0
INV0548,Delta Ltd,South,14363,Paid,2024-01-17,2024-01-21,4.0
INV0549,Alpha Co,West,30540,Pending,2024-01-16,,
INV0550,ABC Pvt Ltd,North,30599,Paid,2024-01-13,2024-01-08,-5.0
INV0551,ABC Pvt Ltd,North,19317,Pending,2024-01-30,,
INV0552,ABC Pvt Ltd,East,43288,Paid,2024-01-23,2024-01-21,-2.0
INV0553,XYZ Corp,North,36026,Paid,2024-01-03,2023-12-31,-3.0
INV0554,XYZ Corp,East,21172,Pending,2024-02-13,,
INV0555,ABC Pvt Ltd,West,12706,Pending,2024-01-24,,
INV0556,Omega Inc,East,47025,Paid,2024-02-06,2024-02-07,1.0
INV0557,Alpha Co,North,14788,Paid,2024-01-22,2024-01-17,-5.0
INV0558,Delta Ltd,South,35616,Pending,2024-01-03,,
INV0559,Omega Inc,East,44357,Paid,2024-02-01,2024-01-30,-2.0
INV0560,XYZ Corp,North,39223,Paid,2024-02-04,2024-02-13,9.0
INV0561,Delta Ltd,South,16051,Pending,2024-01-17,,
INV0562,Omega Inc,South,38778,Pending,2024-02-09,,
INV0563,ABC Pvt Ltd,South,28366,Pending,2024-02-06,,
INV0564,Delta Ltd,East,22188,Pending,2024-01-21,,
INV0565,ABC Pvt Ltd,West,32758,Paid,2024-02-04,2024-02-02,-2.0
INV0566,ABC Pvt Ltd,South,6489,Paid,2024-01-26,2024-01-29,3.0
INV0567,XYZ Corp,West,13298,Paid,2024-01-08,2024-01-06,-2.0
INV0568,Omega Inc,South,18390,Paid,2024-02-17,2024-02-18,1.0
INV0569,XYZ Corp,North,30682,Pending,2024-02-27,,
INV0570,XYZ Corp,South,9700,Paid,2024-01-13,2024-01-15,2.0
INV0571,XYZ Corp,North,20373,Paid,2024-02-18,2024-02-13,-5.0
INV0572,Omega Inc,East,44455,Pending,2024-02-28,,
INV0573,Delta Ltd,East,14612,Pending,2024-02-10,,
INV0574,ABC Pvt Ltd,East,4482,Pending,2024-02-23,,
INV0575,Alpha Co,North,24800,Paid,2024-02-22,2024-02-23,1.0
INV0576,ABC Pvt Ltd,North,23132,Paid,2024-01-25,2024-01-22,-3.0
INV0577,Omega Inc,East,21901,Pending,2024-01-25,,
INV0578,XYZ Corp,West,15749,Pending,2024-02-25,,
INV0579,Alpha Co,North,20445,Paid,2024-01-31,2024-01-30,-1.0
INV0580,Omega Inc,East,21253,Paid,2024-02-29,2024-02-26,-3.0
INV0581,XYZ Corp,East,37647,Paid,2024-01-23,2024-02-01,9.0
INV0582,Delta Ltd,North,31932,Pending,2024-01-23,,
INV0583,ABC Pvt Ltd,North,27166,Pending,2024-01-27,,
INV0584,ABC Pvt Ltd,East,49713,Pending,2024-02-15,,
INV0585,ABC Pvt Ltd,North,43555,Paid,2024-01-18,2024-01-23,5.0
INV0586,Alpha Co,East,4137,Pending,2024-01-13,,
INV0587,Omega Inc,East,38227,Pending,2024-01-15,,
INV0588,XYZ Corp,West,42216,Paid,2024-01-28,2024-01-23,-5.0
INV0589,Alpha Co,South,18761,Pending,2024-02-28,,
INV0590,XYZ Corp,West,32323,Paid,2024-02-23,2024-02-29,6.0
INV0591,Alpha Co,North,4816,Pending,2024-01-27,,
INV0592,Delta Ltd,West,19804,Paid,2024-01-26,2024-01-23,-3.0
INV0593,Omega Inc,East,26767,Pending,2024-02-01,,
INV0594,ABC Pvt Ltd,East,24698,Pending,2024-02-10,,
INV0595,Alpha Co,West,30830,Paid,2024-01-23,2024-01-24,1.0
INV0596,Omega Inc,North,28267,Paid,2024-01-21,2024-01-30,9.0
INV0597,Omega Inc,North,11496,Pending,2024-02-07,,
INV0598,XYZ Corp,East,25820,Paid,2024-02-09,2024-02-15,6.0
INV0599,Delta Ltd,South,39313,Paid,2024-01-07,2024-01-07,0.0
INV0600,Alpha Co,East,42268,Paid,2024-01-22,2024-01-19,-3.0
INV0601,Delta Ltd,East,39898,Paid,2024-02-15,2024-02-20,5.0
INV0602,ABC Pvt Ltd,South,42298,Paid,2024-01-29,2024-02-07,9.0
INV0603,Omega Inc,East,27031,Pending,2024-01-31,,
INV0604,Delta Ltd,North,28771,Pending,2024-01-03,,
INV0605,XYZ Corp,East,36441,Paid,2024-01-02,2024-01-08,6.0
INV0606,Alpha Co,West,23061,Paid,2024-02-28,2024-02-24,-4.0
INV0607,Omega Inc,West,34659,Paid,2024-02-17,2024-02-14,-3.0
INV0608,Omega Inc,West,25556,Pending,2024-02-14,,
INV0609,XYZ Corp,East,1696,Pending,2024-02-20,,
INV0610,Omega Inc,East,15178,Paid,2024-02-04,2024-02-12,8.0
INV0611,XYZ Corp,South,47383,Paid,2024-01-14,2024-01-21,7.0
INV0612,Delta Ltd,West,45113,Paid,2024-01-04,2024-01-05,1.0
INV0613,XYZ Corp,East,30735,Paid,2024-01-02,2024-01-07,5.0
INV0614,ABC Pvt Ltd,South,43984,Paid,2024-01-29,2024-02-05,7.0
INV0615,Omega Inc,West,14493,Paid,2024-02-27,2024-02-29,2.0
INV0616,Delta Ltd,East,49724,Pending,2024-02-15,,
INV0617,Omega Inc,East,20662,Paid,2024-01-03,2024-01-10,7.0
INV0618,ABC Pvt Ltd,West,18459,Pending,2024-01-18,,
INV0619,Omega Inc,North,41396,Pending,2024-02-10,,
INV0620,XYZ Corp,North,26066,Paid,2024-02-17,2024-02-15,-2.0
INV0621,XYZ Corp,North,18229,Paid,2024-01-22,2024-01-30,8.0
INV0622,XYZ Corp,North,4113,Pending,2024-01-28,,
INV0623,XYZ Corp,North,27147,Pending,2024-02-24,,
INV0624,Delta Ltd,East,15485,Paid,2024-01-07,2024-01-06,-1.0
INV0625,Alpha Co,East,27463,Paid,2024-01-16,2024-01-17,1.0
INV0626,ABC Pvt Ltd,North,41253,Paid,2024-01-04,2024-01-05,1.0
INV0627,ABC Pvt Ltd,East,39947,Pending,2024-01-26,,
INV0628,Omega Inc,West,15881,Pending,2024-01-13,,
INV0629,Omega Inc,North,42122,Pending,2024-01-09,,
INV0630,Alpha Co,South,12613,Pending,2024-02-29,,
INV0631,XYZ Corp,South,43556,Paid,2024-01-05,2024-01-07,2.0
INV0632,Omega Inc,East,1867,Pending,2024-02-12,,
INV0633,Omega Inc,North,24804,Pending,2024-01-10,,
INV0634,ABC Pvt Ltd,South,41085,Pending,2024-02-19,,
INV0635,Omega Inc,West,14812,Pending,2024-01-21,,
INV0636,XYZ Corp,West,17858,Pending,2024-02-23,,
INV0637,Delta Ltd,South,13303,Paid,2024-01-13,2024-01-21,8.0
INV0638,ABC Pvt Ltd,West,15832,Paid,2024-01-31,2024-01-26,-5.0
INV0639,ABC Pvt Ltd,West,22206,Paid,2024-02-01,2024-02-05,4.0
INV0640,ABC Pvt Ltd,South,12665,Pending,2024-02-16,,
INV0641,XYZ Corp,East,48198,Pending,2024-02-07,,
INV0642,Delta Ltd,East,43768,Pending,2024-01-18,,
INV0643,ABC Pvt Ltd,East,11088,Paid,2024-02-24,2024-02-25,1.0
INV0644,XYZ Corp,South,49516,Pending,2024-02-14,,
INV0645,XYZ Corp,North,13618,Paid,2024-02-03,2024-02-12,9.0
INV0646,Delta Ltd,North,19666,Paid,2024-01-23,2024-01-27,4.0
INV0647,XYZ Corp,South,25926,Paid,2024-02-18,2024-02-26,8.0
INV0648,XYZ Corp,North,17559,Paid,2024-01-19,2024-01-17,-2.0
INV0649,ABC Pvt Ltd,East,34242,Pending,2024-01-18,,
INV0650,Omega Inc,West,18225,Paid,2024-01-03,2023-12-30,-4.0
INV0651,XYZ Corp,East,4999,Pending,2024-02-28,,
INV0652,XYZ Corp,South,39983,Pending,2024-02-10,,
INV0653,Delta Ltd,East,17507,Pending,2024-02-03,,
INV0654,XYZ Corp,East,29698,Pending,2024-01-08,,
INV0655,Omega Inc,South,34961,Paid,2024-02-10,2024-02-17,7.0
INV0656,XYZ Corp,South,7489,Paid,2024-01-03,2023-12-30,-4.0
INV0657,Alpha Co,West,14527,Paid,2024-01-06,2024-01-05,-1.0
INV0658,Omega Inc,East,1386,Paid,2024-01-02,2023-12-31,-2.0
INV0659,Omega Inc,West,46949,Pending,2024-02-26,,
INV0660,Delta Ltd,South,35991,Pending,2024-02-09,,
INV0661,Delta Ltd,West,32049,Pending,2024-02-08,,
INV0662,XYZ Corp,South,44393,Paid,2024-01-23,2024-02-01,9.0
INV0663,Delta Ltd,South,27396,Pending,2024-01-12,,
INV0664,Delta Ltd,East,37487,Paid,2024-01-15,2024-01-18,3.0
INV0665,Delta Ltd,South,15742,Paid,2024-02-23,2024-02-21,-2.0
INV0666,XYZ Corp,East,32668,Paid,2024-01-05,2024-01-05,0.0
INV0667,XYZ Corp,North,34426,Paid,2024-02-06,2024-02-02,-4.0
INV0668,Omega Inc,East,43638,Paid,2024-02-08,2024-02-04,-4.0
INV0669,Alpha Co,West,2527,Paid,2024-02-01,2024-02-04,3.0
INV0670,Alpha Co,East,31088,Paid,2024-01-25,2024-01-29,4.0
INV0671,XYZ Corp,North,46180,Paid,2024-01-27,2024-02-01,5.0
INV0672,Delta Ltd,West,40390,Paid,2024-02-01,2024-02-02,1.0
INV0673,ABC Pvt Ltd,North,49537,Pending,2024-01-26,,
INV0674,XYZ Corp,North,13553,Pending,2024-01-26,,
INV0675,XYZ Corp,West,24649,Paid,2024-01-20,2024-01-29,9.0
INV0676,XYZ Corp,East,39624,Paid,2024-02-26,2024-03-06,9.0
INV0677,Delta Ltd,South,15298,Pending,2024-01-12,,
INV0678,XYZ Corp,South,4323,Paid,2024-02-28,2024-02-29,1.0
INV0679,Omega Inc,West,29819,Pending,2024-02-25,,
INV0680,Alpha Co,South,25543,Paid,2024-01-06,2024-01-04,-2.0
INV0681,Alpha Co,West,36351,Pending,2024-02-01,,
INV0682,ABC Pvt Ltd,East,17381,Paid,2024-01-24,2024-01-21,-3.0
INV0683,Delta Ltd,South,49302,Pending,2024-02-25,,
INV0684,Omega Inc,East,15036,Paid,2024-01-04,2023-12-31,-4.0
INV0685,Delta Ltd,South,15192,Pending,2024-02-08,,
INV0686,Alpha Co,West,48642,Pending,2024-02-23,,
INV0687,Delta Ltd,South,3762,Pending,2024-02-25,,
INV0688,Alpha Co,East,45843,Pending,2024-02-20,,
INV0689,Omega Inc,South,38385,Pending,2024-01-09,,
INV0690,ABC Pvt Ltd,South,10479,Pending,2024-01-11,,
INV0691,XYZ Corp,East,22207,Pending,2024-02-02,,
INV0692,Alpha Co,West,46328,Pending,2024-01-16,,
INV0693,Alpha Co,East,23645,Pending,2024-02-25,,
INV0694,Alpha Co,West,46359,Paid,2024-01-20,2024-01-15,-5.0
INV0695,ABC Pvt Ltd,South,22496,Pending,2024-01-17,,
INV0696,Alpha Co,South,39462,Paid,2024-01-29,2024-02-02,4.0
INV0697,Alpha Co,East,17701,Pending,2024-01-31,,
INV0698,Delta Ltd,West,22072,Pending,2024-01-19,,
INV0699,Alpha Co,South,6114,Pending,2024-02-26,,
INV0700,XYZ Corp,East,41513,Pending,2024-02-20,,
INV0701,Omega Inc,North,46418,Paid,2024-02-13,2024-02-20,7.0
INV0702,XYZ Corp,South,33626,Paid,2024-01-04,2024-01-10,6.0
INV0703,Omega Inc,East,42644,Paid,2024-01-13,2024-01-12,-1.0
INV0704,ABC Pvt Ltd,North,40098,Pending,2024-02-28,,
INV0705,XYZ Corp,South,23302,Pending,2024-01-06,,
INV0706,Alpha Co,West,34719,Paid,2024-02-07,2024-02-04,-3.0
INV0707,Delta Ltd,South,40963,Pending,2024-02-19,,
INV0708,Omega Inc,South,27776,Paid,2024-01-30,2024-01-31,1.0
INV0709,Omega Inc,East,38336,Pending,2024-02-12,,
INV0710,XYZ Corp,South,3124,Pending,2024-02-13,,
INV0711,Delta Ltd,East,8683,Pending,2024-01-04,,
INV0712,XYZ Corp,East,41259,Paid,2024-01-15,2024-01-12,-3.0
INV0713,Alpha Co,East,38408,Pending,2024-01-10,,
INV0714,Omega Inc,South,24547,Pending,2024-02-23,,
INV0715,XYZ Corp,South,31317,Paid,2024-02-29,2024-02-28,-1.0
INV0716,ABC Pvt Ltd,East,1248,Pending,2024-01-10,,
INV0717,Omega Inc,North,10902,Paid,2024-02-06,2024-02-12,6.0
INV0718,Alpha Co,South,41717,Pending,2024-02-25,,
INV0719,Omega Inc,South,42600,Pending,2024-02-29,,
INV0720,Omega Inc,North,7047,Pending,2024-01-17,,
INV0721,XYZ Corp,South,30587,Pending,2024-02-27,,
INV0722,Alpha Co,South,2386,Paid,2024-02-10,2024-02-08,-2.0
INV0723,XYZ Corp,East,30916,Paid,2024-02-23,2024-02-28,5.0
INV0724,Omega Inc,South,48529,Pending,2024-02-17,,
INV0725,ABC Pvt Ltd,North,35803,Pending,2024-02-29,,
INV0726,Omega Inc,West,32639,Pending,2024-01-05,,
INV0727,Delta Ltd,East,7290,Pending,2024-02-12,,
INV0728,Delta Ltd,West,10690,Pending,2024-01-28,,
INV0729,Alpha Co,East,42902,Paid,2024-01-19,2024-01-27,8.0
INV0730,XYZ Corp,West,14974,Pending,2024-02-02,,
INV0731,ABC Pvt Ltd,West,16045,Paid,2024-02-09,2024-02-08,-1.0
INV0732,Alpha Co,South,29050,Pending,2024-01-24,,
INV0733,Alpha Co,West,23821,Pending,2024-01-17,,
INV0734,ABC Pvt Ltd,West,41786,Paid,2024-01-13,2024-01-10,-3.0
INV0735,XYZ Corp,East,40816,Paid,2024-01-17,2024-01-26,9.0
INV0736,ABC Pvt Ltd,West,16534,Pending,2024-01-07,,
INV0737,ABC Pvt Ltd,West,19796,Paid,2024-01-14,2024-01-22,8.0
INV0738,ABC Pvt Ltd,South,22229,Paid,2024-02-27,2024-03-01,3.0
INV0739,XYZ Corp,South,34858,Paid,2024-02-03,2024-01-30,-4.0
INV0740,ABC Pvt Ltd,East,5692,Paid,2024-02-03,2024-01-30,-4.0
INV0741,Delta Ltd,North,30364,Paid,2024-01-17,2024-01-16,-1.0
INV0742,Alpha Co,East,5849,Paid,2024-01-05,2024-01-11,6.0
INV0743,Omega Inc,East,25776,Paid,2024-02-21,2024-02-29,8.0
INV0744,Alpha Co,West,39031,Paid,2024-02-22,2024-02-26,4.0
INV0745,Omega Inc,North,22019,Pending,2024-01-03,,
INV0746,Omega Inc,West,38996,Pending,2024-02-04,,
INV0747,ABC Pvt Ltd,West,26699,Paid,2024-02-09,2024-02-06,-3.0
INV0748,Alpha Co,East,47820,Paid,2024-02-18,2024-02-25,7.0
INV0749,Omega Inc,South,8064,Paid,2024-02-28,2024-02-25,-3.0
INV0750,XYZ Corp,West,47123,Paid,2024-02-18,2024-02-17,-1.0
INV0751,Omega Inc,North,42046,Pending,2024-01-03,,
INV0752,ABC Pvt Ltd,East,28309,Pending,2024-02-07,,
INV0753,Alpha Co,South,23770,Pending,2024-02-23,,
INV0754,Delta Ltd,East,30308,Paid,2024-01-05,2024-01-09,4.0
INV0755,XYZ Corp,North,49824,Pending,2024-01-25,,
INV0756,ABC Pvt Ltd,East,38270,Pending,2024-01-09,,
INV0757,Omega Inc,East,13950,Paid,2024-01-04,2024-01-10,6.0
INV0758,Alpha Co,East,17949,Paid,2024-02-10,2024-02-08,-2.0
INV0759,Delta Ltd,South,17240,Pending,2024-01-15,,
INV0760,Omega Inc,North,27796,Paid,2024-02-05,2024-02-03,-2.0
INV0761,Omega Inc,South,22991,Paid,2024-02-19,2024-02-18,-1.0
INV0762,Omega Inc,North,46786,Pending,2024-01-28,,
INV0763,Omega Inc,South,12961,Paid,2024-01-15,2024-01-13,-2.0
INV0764,Omega Inc,West,24842,Paid,2024-01-12,2024-01-09,-3.0
INV0765,XYZ Corp,North,19783,Paid,2024-02-11,2024-02-20,9.0
INV0766,XYZ Corp,West,24171,Pending,2024-01-11,,
INV0767,ABC Pvt Ltd,West,36926,Pending,2024-01-06,,
INV0768,Alpha Co,North,22833,Pending,2024-01-15,,
INV0769,ABC Pvt Ltd,North,36367,Pending,2024-01-26,,
INV0770,Delta Ltd,South,30764,Paid,2024-02-29,2024-03-03,3.0
INV0771,Delta Ltd,North,29435,Pending,2024-02-28,,
INV0772,Alpha Co,South,10292,Paid,2024-02-01,2024-01-29,-3.0
INV0773,Alpha Co,East,9793,Pending,2024-02-23,,
INV0774,Omega Inc,East,41351,Pending,2024-02-11,,
INV0775,ABC Pvt Ltd,South,45649,Pending,2024-01-28,,
INV0776,XYZ Corp,South,24556,Paid,2024-01-05,2024-01-11,6.0
INV0777,Omega Inc,East,45657,Pending,2024-02-13,,
INV0778,ABC Pvt Ltd,North,11295,Paid,2024-01-22,2024-01-24,2.0
INV0779,ABC Pvt Ltd,West,44279,Pending,2024-02-19,,
INV0780,XYZ Corp,South,14128,Pending,2024-01-26,,
INV0781,Alpha Co,South,13088,Paid,2024-01-16,2024-01-21,5.0
INV0782,Alpha Co,North,45582,Paid,2024-02-03,2024-02-12,9.0
INV0783,Delta Ltd,East,26337,Pending,2024-02-28,,
INV0784,Omega Inc,North,7811,Pending,2024-02-02,,
INV0785,Omega Inc,North,4303,Pending,2024-01-03,,
INV0786,Omega Inc,North,11440,Pending,2024-02-02,,
INV0787,XYZ Corp,North,6762,Paid,2024-01-18,2024-01-26,8.0
INV0788,ABC Pvt Ltd,North,23588,Paid,2024-01-27,2024-01-30,3.0
INV0789,Alpha Co,West,41473,Pending,2024-01-12,,
INV0790,Alpha Co,South,30001,Paid,2024-02-14,2024-02-18,4.0
INV0791,ABC Pvt Ltd,North,2446,Paid,2024-02-07,2024-02-06,-1.0
INV0792,ABC Pvt Ltd,South,26473,Paid,2024-02-22,2024-02-20,-2.0
INV0793,Omega Inc,South,44747,Pending,2024-02-24,,
INV0794,Alpha Co,South,34390,Paid,2024-01-15,2024-01-11,-4.0
INV0795,ABC Pvt Ltd,North,44043,Paid,2024-02-02,2024-02-06,4.0
INV0796,Delta Ltd,North,41996,Pending,2024-02-11,,
INV0797,ABC Pvt Ltd,South,5943,Pending,2024-02-12,,
INV0798,ABC Pvt Ltd,South,7130,Pending,2024-01-03,,
INV0799,ABC Pvt Ltd,West,8192,Pending,2024-01-10,,
INV0800,Alpha Co,West,16917,Paid,2024-01-09,2024-01-07,-2.0
INV0801,ABC Pvt Ltd,West,35726,Paid,2024-02-27,2024-02-24,-3.0
INV0802,Alpha Co,West,38186,Pending,2024-01-24,,
INV0803,XYZ Corp,North,15123,Paid,2024-01-22,2024-01-21,-1.0
INV0804,Delta Ltd,West,5030,Paid,2024-01-27,2024-01-26,-1.0
INV0805,Alpha Co,South,9827,Pending,2024-01-06,,
INV0806,Delta Ltd,North,26502,Paid,2024-01-21,2024-01-25,4.0
INV0807,Omega Inc,East,16311,Paid,2024-02-15,2024-02-12,-3.0
INV0808,ABC Pvt Ltd,West,43571,Pending,2024-02-16,,
INV0809,XYZ Corp,South,9724,Paid,2024-01-19,2024-01-22,3.0
INV0810,XYZ Corp,South,2078,Paid,2024-01-12,2024-01-18,6.0
INV0811,Delta Ltd,West,5617,Paid,2024-02-12,2024-02-11,-1.0
INV0812,ABC Pvt Ltd,North,1410,Pending,2024-02-10,,
INV0813,XYZ Corp,West,12762,Pending,2024-02-24,,
INV0814,Omega Inc,North,26191,Pending,2024-01-11,,
INV0815,ABC Pvt Ltd,North,22626,Pending,2024-02-09,,
INV0816,Delta Ltd,West,27223,Paid,2024-02-22,2024-02-20,-2.0
INV0817,XYZ Corp,West,3029,Pending,2024-02-03,,
INV0818,ABC Pvt Ltd,West,3972,Pending,2024-02-26,,
INV0819,ABC Pvt Ltd,South,10226,Pending,2024-02-16,,
INV0820,Alpha Co,East,36740,Pending,2024-02-21,,
INV0821,XYZ Corp,North,27341,Paid,2024-02-17,2024-02-16,-1.0
INV0822,ABC Pvt Ltd,South,33126,Paid,2024-01-09,2024-01-04,-5.0
INV0823,XYZ Corp,North,47866,Pending,2024-01-18,,
INV0824,Delta Ltd,North,39611,Pending,2024-01-24,,
INV0825,Delta Ltd,East,7091,Pending,2024-02-15,,
INV0826,ABC Pvt Ltd,North,13587,Paid,2024-01-28,2024-01-29,1.0
INV0827,Omega Inc,West,31335,Pending,2024-01-04,,
INV0828,ABC Pvt Ltd,North,5154,Paid,2024-02-06,2024-02-02,-4.0
INV0829,Delta Ltd,East,33602,Pending,2024-01-27,,
INV0830,ABC Pvt Ltd,West,15322,Paid,2024-02-12,2024-02-12,0.0
INV0831,Delta Ltd,West,44064,Pending,2024-01-11,,
INV0832,Omega Inc,West,40897,Pending,2024-02-23,,
INV0833,ABC Pvt Ltd,East,26086,Pending,2024-02-03,,
INV0834,Omega Inc,East,34973,Paid,2024-02-19,2024-02-25,6.0
INV0835,Alpha Co,West,17122,Paid,2024-02-04,2024-02-09,5.0
INV0836,Delta Ltd,North,19076,Pending,2024-02-05,,
INV0837,Delta Ltd,North,24667,Pending,2024-02-09,,
INV0838,XYZ Corp,West,27214,Pending,2024-01-24,,
INV0839,Delta Ltd,North,38562,Pending,2024-02-22,,
INV0840,XYZ Corp,East,8575,Paid,2024-02-07,2024-02-12,5.0
INV0841,Delta Ltd,East,4574,Paid,2024-02-19,2024-02-22,3.0
INV0842,XYZ Corp,West,39709,Paid,2024-01-22,2024-01-21,-1.0
INV0843,XYZ Corp,West,49336,Pending,2024-01-11,,
INV0844,XYZ Corp,South,47031,Pending,2024-01-08,,
INV0845,ABC Pvt Ltd,West,19017,Paid,2024-01-02,2023-12-31,-2.0
INV0846,Omega Inc,North,18579,Paid,2024-02-17,2024-02-26,9.0
INV0847,Omega Inc,South,38967,Pending,2024-01-10,,
INV0848,Delta Ltd,South,2293,Pending,2024-02-03,,
INV0849,Omega Inc,South,10354,Paid,2024-02-25,2024-02-27,2.0
INV0850,Delta Ltd,North,30779,Pending,2024-01-29,,
INV0851,Alpha Co,South,32866,Pending,2024-02-08,,
INV0852,XYZ Corp,South,1795,Paid,2024-01-12,2024-01-07,-5.0
INV0853,Alpha Co,South,44844,Pending,2024-01-22,,
INV0854,XYZ Corp,South,13827,Paid,2024-02-18,2024-02-16,-2.0
INV0855,XYZ Corp,East,33699,Paid,2024-02-02,2024-02-05,3.0
INV0856,ABC Pvt Ltd,North,35564,Pending,2024-02-13,,
INV0857,Delta Ltd,North,14650,Pending,2024-01-12,,
INV0858,ABC Pvt Ltd,North,1583,Paid,2024-02-08,2024-02-08,0.0
INV0859,Alpha Co,North,24627,Paid,2024-01-22,2024-01-17,-5.0
INV0860,ABC Pvt Ltd,South,42359,Pending,2024-02-01,,
INV0861,Alpha Co,West,35354,Pending,2024-02-05,,
INV0862,XYZ Corp,South,12045,Paid,2024-01-12,2024-01-21,9.0
INV0863,Omega Inc,South,35553,Pending,2024-02-14,,
INV0864,ABC Pvt Ltd,East,4799,Paid,2024-01-25,2024-01-31,6.0
INV0865,Omega Inc,West,31619,Paid,2024-01-21,2024-01-25,4.0
INV0866,ABC Pvt Ltd,East,28325,Pending,2024-01-21,,
INV0867,Alpha Co,South,39868,Paid,2024-02-03,2024-02-01,-2.0
INV0868,Delta Ltd,West,42649,Paid,2024-01-23,2024-01-24,1.0
INV0869,Alpha Co,North,12601,Pending,2024-01-25,,
INV0870,Delta Ltd,West,13659,Paid,2024-01-05,2023-12-31,-5.0
INV0871,Omega Inc,West,14102,Pending,2024-02-04,,
INV0872,Omega Inc,West,3784,Pending,2024-02-11,,
INV0873,Omega Inc,West,37845,Pending,2024-02-25,,
INV0874,Omega Inc,North,38717,Pending,2024-01-05,,
INV0875,XYZ Corp,South,49703,Paid,2024-02-02,2024-01-28,-5.0
INV0876,Alpha Co,East,33616,Pending,2024-01-20,,
INV0877,XYZ Corp,East,2683,Pending,2024-01-31,,
INV0878,Alpha Co,East,37451,Paid,2024-02-17,2024-02-13,-4.0
INV0879,ABC Pvt Ltd,West,22276,Paid,2024-01-20,2024-01-26,6.0
INV0880,ABC Pvt Ltd,East,41060,Paid,2024-02-05,2024-02-08,3.0
INV0881,Alpha Co,East,49114,Paid,2024-01-09,2024-01-18,9.0
INV0882,Omega Inc,South,47066,Paid,2024-02-19,2024-02-20,1.0
INV0883,Alpha Co,West,45793,Paid,2024-01-22,2024-01-19,-3.0
INV0884,Delta Ltd,West,21244,Pending,2024-01-07,,
INV0885,Alpha Co,West,36456,Pending,2024-02-09,,
INV0886,ABC Pvt Ltd,West,45479,Paid,2024-01-30,2024-02-06,7.0
INV0887,Omega Inc,South,29081,Pending,2024-01-27,,
INV0888,Delta Ltd,East,12137,Paid,2024-01-11,2024-01-07,-4.0
INV0889,ABC Pvt Ltd,East,20167,Pending,2024-01-13,,
INV0890,Omega Inc,South,20660,Paid,2024-02-10,2024-02-16,6.0
INV0891,XYZ Corp,South,23941,Pending,2024-02-04,,
INV0892,Omega Inc,North,13915,Paid,2024-01-28,2024-02-01,4.0
INV0893,ABC Pvt Ltd,North,22683,Pending,2024-01-13,,
INV0894,Delta Ltd,North,43076,Paid,2024-01-20,2024-01-19,-1.0
INV0895,Delta Ltd,East,41777,Paid,2024-02-16,2024-02-22,6.0
INV0896,Omega Inc,West,30754,Paid,2024-01-29,2024-01-28,-1.0
INV0897,Delta Ltd,East,43611,Paid,2024-01-24,2024-01-19,-5.0
INV0898,Alpha Co,North,33484,Pending,2024-02-06,,
INV0899,Omega Inc,West,36945,Pending,2024-01-30,,
INV0900,Alpha Co,East,34637,Paid,2024-01-06,2024-01-06,0.0
INV0901,XYZ Corp,East,27395,Pending,2024-02-11,,
INV0902,Omega Inc,North,47776,Paid,2024-02-10,2024-02-16,6.0
INV0903,XYZ Corp,South,23659,Pending,2024-01-19,,
INV0904,XYZ Corp,West,47681,Paid,2024-01-09,2024-01-10,1.0
INV0905,Alpha Co,East,5286,Pending,2024-01-06,,
INV0906,Delta Ltd,West,20745,Pending,2024-01-05,,
INV0907,ABC Pvt Ltd,North,3248,Pending,2024-02-23,,
INV0908,Alpha Co,North,12044,Paid,2024-02-29,2024-03-09,9.0
INV0909,ABC Pvt Ltd,East,11606,Pending,2024-01-04,,
INV0910,XYZ Corp,West,23877,Paid,2024-02-08,2024-02-07,-1.0
INV0911,XYZ Corp,North,24490,Paid,2024-02-12,2024-02-20,8.0
INV0912,ABC Pvt Ltd,West,15796,Pending,2024-01-10,,
INV0913,Delta Ltd,East,30690,Paid,2024-01-16,2024-01-19,3.0
INV0914,Delta Ltd,North,33042,Paid,2024-01-20,2024-01-23,3.0
INV0915,ABC Pvt Ltd,South,44658,Paid,2024-01-11,2024-01-18,7.0
INV0916,Delta Ltd,West,16488,Paid,2024-01-04,2024-01-05,1.0
INV0917,Alpha Co,South,31908,Pending,2024-02-06,,
INV0918,Omega Inc,East,28253,Paid,2024-01-28,2024-01-23,-5.0
INV0919,Alpha Co,South,47809,Pending,2024-01-28,,
INV0920,Alpha Co,East,23995,Pending,2024-01-24,,
INV0921,ABC Pvt Ltd,South,43472,Paid,2024-01-31,2024-02-01,1.0
INV0922,Omega Inc,North,8927,Pending,2024-01-27,,
INV0923,Delta Ltd,East,39557,Paid,2024-01-31,2024-02-06,6.0
INV0924,Delta Ltd,East,9429,Pending,2024-01-29,,
INV0925,Delta Ltd,East,41933,Paid,2024-01-30,2024-02-08,9.0
INV0926,XYZ Corp,West,34609,Pending,2024-02-14,,
INV0927,Alpha Co,North,14753,Paid,2024-02-07,2024-02-07,0.0
INV0928,Delta Ltd,South,16778,Paid,2024-02-16,2024-02-20,4.0
INV0929,Delta Ltd,South,34826,Paid,2024-01-31,2024-01-29,-2.0
INV0930,ABC Pvt Ltd,South,8234,Paid,2024-01-31,2024-02-04,4.0
INV0931,Delta Ltd,West,27483,Paid,2024-02-05,2024-02-05,0.0
INV0932,Alpha Co,North,41765,Pending,2024-02-21,,
INV0933,XYZ Corp,East,7375,Paid,2024-01-16,2024-01-21,5.0
INV0934,XYZ Corp,East,8117,Paid,2024-01-31,2024-02-08,8.0
INV0935,ABC Pvt Ltd,South,33586,Paid,2024-01-09,2024-01-14,5.0
INV0936,Alpha Co,North,4474,Pending,2024-02-02,,
INV0937,ABC Pvt Ltd,West,2850,Paid,2024-02-03,2024-02-01,-2.0
INV0938,Omega Inc,South,35480,Pending,2024-02-05,,
INV0939,Alpha Co,West,20485,Pending,2024-01-15,,
INV0940,XYZ Corp,West,30937,Paid,2024-01-21,2024-01-27,6.0
INV0941,Alpha Co,North,3994,Pending,2024-02-04,,
INV0942,Alpha Co,West,36719,Paid,2024-02-13,2024-02-08,-5.0
INV0943,Alpha Co,West,45611,Pending,2024-02-23,,
INV0944,Alpha Co,West,16486,Paid,2024-01-10,2024-01-11,1.0
INV0945,Alpha Co,North,39633,Pending,2024-01-26,,
INV0946,XYZ Corp,South,5267,Paid,2024-02-02,2024-02-05,3.0
INV0947,Alpha Co,East,46407,Paid,2024-01-26,2024-01-27,1.0
INV0948,Delta Ltd,South,29714,Pending,2024-02-06,,
INV0949,Omega Inc,South,34162,Pending,2024-02-24,,
INV0950,XYZ Corp,South,33963,Paid,2024-01-13,2024-01-16,3.0
INV0951,Delta Ltd,West,27116,Pending,2024-02-29,,
INV0952,Delta Ltd,East,1765,Pending,2024-02-09,,
INV0953,Alpha Co,West,19425,Paid,2024-01-02,2023-12-31,-2.0
INV0954,ABC Pvt Ltd,West,37315,Paid,2024-01-12,2024-01-09,-3.0
INV0955,XYZ Corp,East,25380,Paid,2024-01-16,2024-01-23,7.0
INV0956,Omega Inc,South,45224,Paid,2024-01-13,2024-01-19,6.0
INV0957,ABC Pvt Ltd,West,7690,Paid,2024-02-14,2024-02-18,4.0
INV0958,Alpha Co,North,19387,Paid,2024-02-16,2024-02-11,-5.0
INV0959,ABC Pvt Ltd,East,26610,Pending,2024-02-12,,
INV0960,XYZ Corp,West,28599,Pending,2024-01-15,,
INV0961,Alpha Co,West,6880,Pending,2024-01-11,,
INV0962,Alpha Co,West,49068,Paid,2024-01-12,2024-01-18,6.0
INV0963,ABC Pvt Ltd,North,39472,Paid,2024-02-14,2024-02-09,-5.0
INV0964,ABC Pvt Ltd,East,27677,Paid,2024-01-04,2024-01-03,-1.0
INV0965,ABC Pvt Ltd,West,10222,Paid,2024-01-15,2024-01-18,3.0
INV0966,Alpha Co,North,10695,Paid,2024-01-28,2024-02-01,4.0
INV0967,Delta Ltd,West,43753,Paid,2024-02-12,2024-02-20,8.0
INV0968,Delta Ltd,North,11949,Pending,2024-02-21,,
INV0969,Alpha Co,South,36099,Pending,2024-01-10,,
INV0970,Alpha Co,South,37351,Pending,2024-01-24,,
INV0971,ABC Pvt Ltd,North,20145,Pending,2024-01-30,,
INV0972,ABC Pvt Ltd,South,41759,Paid,2024-02-05,2024-02-12,7.0
INV0973,Delta Ltd,West,41035,Paid,2024-01-12,2024-01-17,5.0
INV0974,XYZ Corp,East,30594,Paid,2024-01-24,2024-01-20,-4.0
INV0975,ABC Pvt Ltd,North,46084,Paid,2024-01-06,2024-01-04,-2.0
INV0976,Delta Ltd,North,17619,Paid,2024-02-01,2024-02-05,4.0
INV0977,Alpha Co,West,14812,Pending,2024-01-15,,
INV0978,ABC Pvt Ltd,West,36852,Paid,2024-02-18,2024-02-21,3.0
INV0979,Omega Inc,East,22783,Paid,2024-02-24,2024-02-24,0.0
INV0980,ABC Pvt Ltd,North,4075,Pending,2024-02-07,,
INV0981,Alpha Co,West,20288,Pending,2024-01-26,,
INV0982,ABC Pvt Ltd,South,9696,Pending,2024-01-31,,
INV0983,ABC Pvt Ltd,North,21949,Pending,2024-01-17,,
INV0984,Alpha Co,East,9151,Pending,2024-01-31,,
INV0985,XYZ Corp,South,14021,Paid,2024-01-03,2024-01-06,3.0
INV0986,XYZ Corp,East,17793,Pending,2024-02-06,,
INV0987,ABC Pvt Ltd,South,7406,Paid,2024-01-31,2024-02-04,4.0
INV0988,Delta Ltd,West,40964,Pending,2024-02-12,,
INV0989,ABC Pvt Ltd,North,23491,Pending,2024-01-13,,
INV0990,Omega Inc,South,1087,Paid,2024-01-29,2024-02-02,4.0
INV0991,XYZ Corp,West,6728,Paid,2024-02-28,2024-02-29,1.0
INV0992,Omega Inc,North,48533,Paid,2024-02-11,2024-02-12,1.0
INV0993,Omega Inc,East,9379,Pending,2024-02-08,,
INV0994,Alpha Co,East,8030,Paid,2024-02-21,2024-02-16,-5.0
INV0995,Delta Ltd,North,21890,Pending,2024-02-09,,
INV0996,ABC Pvt Ltd,North,15171,Pending,2024-02-06,,
INV0997,Delta Ltd,West,3844,Pending,2024-01-21,,
INV0998,Omega Inc,North,25758,Pending,2024-01-25,,
INV0999,Omega Inc,West,23626,Pending,2024-02-26,,
INV1000,ABC Pvt Ltd,North,1595,Paid,2024-01-18,2024-01-27,9.0
